{"cameraMode":{"drawMode":0,"name":"Shaded","section":"Shading Mode"},"sceneLighting":true,"audioPlay":false,"sceneViewState":{"showFog":true,"showMaterialUpdate":false,"showSkybox":true,"showFlares":true,"showImageEffects":true,"showParticleSystems":true},"in2DMode":false,"pivot":{"x":0.800000011920929,"y":10.829999923706055,"z":-12.829999923706055},"rotation":{"x":-0.013498794287443161,"y":-0.008406874723732472,"z":0.00010788661165861413,"w":-0.9998869299888611},"size":3.969403028488159,"orthographic":false}